None,775148
arch_static_branch,7283
syscall_enter_from_user_mode,50981
array_index_mask_nospec,14566
__x64_sys_mmap,2739
syscall_exit_to_user_mode,568846
__x64_sys_mprotect,7248425
asm_exc_page_fault,33574590
__x64_sys_rt_sigprocmask,527
__x64_sys_clone3,7633
asm_sysvec_apic_timer_interrupt,5951479
__x64_sys_brk,216555
__x64_sys_rseq,28
__x64_sys_set_robust_list,11
__x64_sys_write,7168
__x64_sys_munmap,1571727
__x64_sys_futex,806252
irq_entries_start,10089
source_path,CSL-PowerEdge-R750:/siyuan_data/fpt_L3L2/fpt_L3L2_never_running_jiyuan_redis_run_128G.bin.kern_inst.folded
