None,4173444
arch_static_branch,38643
syscall_enter_from_user_mode,272863
array_index_mask_nospec,77286
__x64_sys_write,48065
syscall_exit_to_user_mode,2048401
__x64_sys_lseek,4869258
asm_sysvec_apic_timer_interrupt,4987134
__x64_sys_pread64,57899939
asm_exc_page_fault,9618370
irq_entries_start,63023
__x64_sys_mmap,6124
source_path,CSL-PowerEdge-R750:/disk/bak1/alan_loading_phase_end/postgres64G_sequential_load/radix_always_run_postgres64G_sequential_load_loading_end.bin.kern_inst.folded.reprocessed
