None,774927
arch_static_branch,7282
syscall_enter_from_user_mode,53411
array_index_mask_nospec,14564
__x64_sys_mmap,2545
syscall_exit_to_user_mode,641133
__x64_sys_mprotect,7161373
asm_exc_page_fault,33416112
__x64_sys_rt_sigprocmask,527
__x64_sys_clone3,33206
asm_sysvec_apic_timer_interrupt,5843208
__x64_sys_brk,249340
__x64_sys_rseq,28
__x64_sys_set_robust_list,11
__x64_sys_write,7168
__x64_sys_munmap,1596605
__x64_sys_futex,802473
source_path,CSL-PowerEdge-R750:/siyuan_data/fpt_L4L3_L2L1/fpt_L4L3_L2L1_never_running_jiyuan_redis_run_128G.bin.kern_inst.folded
