entry_SYSCALL_64,2848266
do_syscall_64,685026
arch_static_branch,36054
syscall_enter_from_user_mode,261730
do_syscall_x64,288432
array_index_mask_nospec,72108
__x86_indirect_thunk_rax,72108
__x64_sys_write,137709
syscall_exit_to_user_mode,1910862
__x64_sys_lseek,4878054
asm_sysvec_apic_timer_interrupt,4911387
asm_exc_page_fault,58533170
__x64_sys_mmap,7655
irq_entries_start,8503
source_path,CSL-PowerEdge-R750:/disk/bak1/siyuan/postgres64G_sequential_load/ecpt_always_run_postgres64G_sequential_load_running.bin.kern_inst.folded.reprocessed
